ID,Name,Age,Gender,Salary,Email,Address,Phone_Number,Date_of_Birth,Start_Date
1,Phillip Abbott,40,Male,47545.34,duncanbrittany@example.net,"8926 Martin Ville
North Juliebury, ID 30556",844-320-7125,1966-08-14,2014-07-07
2,Zachary Peterson,44,Female,28039.57,wjohnson@example.org,"70840 Webb Islands
Port Jason, FL 34917",216-571-6685x5147,1970-02-20,2016-05-19
3,Makayla Stanley,56,Female,66715.04,lzimmerman@example.net,"561 Mark Forge
East Michael, NM 86315",747-331-0876x00095,1965-04-25,2013-05-27
4,Jennifer Smith,20,Female,51285.67,michaelhill@example.net,"4975 Friedman Ranch Suite 026
Lake Shelbyfort, PR 49883",289.975.6015x402,1989-03-26,2021-06-14
5,Mary Dillon,36,Male,20456.81,michael73@example.net,"6014 Owens Drives Apt. 463
Lake Shaunport, CT 76770",+1-579-627-9835x76179,1989-09-13,2024-06-28
6,Jacob Nash,60,Female,16255.69,brianna40@example.org,"50016 Pope Viaduct
Port Brian, DC 87768",(787)202-4038,1992-04-15,2016-04-28
7,Dennis Terry,29,Male,98928.31,hallsamuel@example.net,"108 Melanie Lane Apt. 469
East Sara, CA 30153",616-297-5022x9699,1965-12-24,2019-09-04
8,Katie Miller,50,Male,22359.92,matthewjames@example.net,"5243 Sharon Ridge Apt. 307
New Jeffrey, MI 37366",+1-635-211-5615x61530,1965-04-22,2001-08-01
9,Tracy Gray,60,Male,62602.82,tcox@example.org,"1038 Frost Circle
Kaitlynton, VT 19592",455-912-8649x37913,1966-12-25,2006-01-02
10,Denise Lambert,39,Male,57519.92,arnoldcharles@example.com,"4261 Cassandra Mountains
South Lauraberg, CO 49222",946.311.1912x1972,1995-02-21,2012-01-19
11,Denise Mata,26,Male,40065.93,patricia89@example.net,"5255 Olsen Isle Suite 033
Marieburgh, KY 06688",(985)377-0927x36262,2002-03-28,2013-04-02
12,Matthew Thompson,24,Male,35103.66,kayla11@example.org,"18947 Shaw Hill
West Virginia, MH 22531",818-887-4000,1984-04-10,2022-05-28
13,Jennifer Gutierrez,46,Female,60885.13,rosejeffrey@example.net,"0131 Wang Villages Apt. 001
North Holly, NH 48446",+1-902-665-6838x24800,1965-08-25,2013-03-01
14,Dr. Caroline Brown,46,Male,81658.29,jimmygibson@example.com,"406 Scott Knolls
Lake Tamaratown, GA 60385",(297)577-3209x8002,1969-07-01,2013-09-29
15,Tabitha Atkinson,30,Female,51229.86,taylor48@example.net,"3132 Michael Trail
North Jacob, WY 64254",929-764-3858x640,1980-04-13,2010-07-30
16,Sean Guerrero,25,Female,81347.63,elizabeth76@example.com,"908 Cristian Cove
Chapmantown, KY 10232",+1-789-589-4943x0210,1982-03-24,2011-04-12
17,Lawrence Fitzgerald,41,Female,36809.37,brian82@example.com,"Unit 2671 Box 1414
DPO AP 64562",201-450-1250x6076,1968-08-13,2010-07-25
18,Diane Yoder,50,Female,56792.54,davidmcmahon@example.com,"6376 Philip Port
Tamaraview, MO 14933",(878)380-2254x515,1965-01-31,2011-06-06
19,Roy Ward,20,Male,32706.91,moorejason@example.org,"940 Smith Isle Apt. 730
Jenniferstad, MA 55044",654.681.9936x9446,1999-02-06,2008-12-06
20,Tanya Martinez,39,Female,65854.74,jamie40@example.com,"91609 Ortega Springs Suite 494
Port Lonnie, NH 47208",(616)635-1596,1976-05-26,2003-08-07
21,Joshua Brown,36,Male,19038.10,rodgerskendra@example.org,"247 Gabriel Orchard Apt. 579
Kellertown, NY 34722",+1-747-320-5303x513,1974-06-02,2001-05-30
22,Laura Beltran,34,Female,58878.38,imason@example.com,"387 Daniel Branch
Pattonbury, KS 55695",208-761-6474,1967-09-25,2006-12-11
23,Ronald York,50,Male,55413.75,grantkathryn@example.com,"741 Robert Ports Suite 359
Summerberg, CO 00547",(368)478-4464x4727,1966-09-06,2018-10-19
24,Michael Huff,35,Male,69356.14,ureid@example.org,"4808 Ayala Forks Apt. 960
South Tiffanyton, HI 25478",001-833-915-2545x28046,1968-02-21,2023-06-29
25,Nathan Smith,44,Female,50065.66,francosteven@example.org,"167 Hamilton Burgs
Kathyberg, ME 34346",899-471-4035x946,1972-03-12,2018-02-20
26,David Andersen,37,Male,35429.13,william13@example.net,"78435 Adams Isle Suite 105
Smithview, VA 33673",269.506.4924,1988-09-22,2024-09-16
27,Deborah Hahn,49,Female,85878.66,matthew61@example.org,"046 Alexis Summit
Staceyland, OK 13070",316.592.4881x3780,1969-02-06,2017-03-06
28,Anna Whitney,30,Female,55854.63,allison29@example.org,"PSC 7457, Box 4569
APO AE 53569",933-712-2379,1967-12-14,2008-10-10
29,Christopher Bass,39,Male,14124.50,bramirez@example.net,"309 Freeman Prairie Apt. 887
Lake Andrewside, MP 60655",8148453049,1966-05-02,2010-12-11
30,Patricia Gill,33,Male,96936.23,paulburgess@example.net,"7517 Michael Curve Suite 818
West Ryanville, OH 38431",001-540-936-6780x07072,1992-09-30,2007-04-23
31,Joshua Rodriguez,29,Male,34591.06,lindseyperez@example.org,"9768 Walker Hill Suite 201
Lake Nathan, MO 70497",4545059903,1986-10-14,2016-03-08
32,Grant Campbell,39,Male,40466.86,joneslaura@example.org,"73812 Kline Cape Apt. 712
New Stephanie, OH 37677",788-292-3390x534,1963-10-06,2014-07-16
33,Joseph Barnett,48,Female,62600.35,bsmith@example.net,"Unit 8865 Box 3734
DPO AA 33449",412.519.2587x072,1983-04-05,2022-05-10
34,Sarah Hughes,52,Male,70308.68,vpotter@example.com,"6970 Luis Flat
East Jacobmouth, HI 02375",(632)821-6000,1993-11-06,2003-02-27
35,Angela Edwards,20,Male,41078.10,jacob52@example.org,"468 Cortez Knoll
South Cheyennestad, UT 42242",001-875-931-7850x253,1969-05-31,2013-10-05
36,Joshua Casey,31,Male,58681.80,kevin43@example.org,"28056 Samantha Alley
East Samuelmouth, ME 44872",(508)259-6127x874,1994-07-08,2017-12-05
37,David Lawson,39,Male,89380.20,powellkristine@example.net,"78705 Robert Shore Suite 333
New Jared, CT 29388",(713)619-3893x69932,1991-08-28,2001-05-27
38,Alex Gardner,59,Female,33768.61,maria95@example.net,"1126 Jessica Brook
New Erica, MS 00826",+1-793-691-6146x420,2001-12-18,2008-03-22
39,Joshua Shaffer,32,Female,63802.82,ghernandez@example.org,"81506 Jon Forge
South Rhonda, DC 85196",(985)536-3054,1989-09-16,2004-07-05
40,Rebecca Murphy,41,Female,89228.55,jacksonchristian@example.com,"624 Brooks Parks Suite 271
Lake Christopher, HI 05332",+1-727-704-8575x678,2001-02-26,2011-05-04
41,Joshua Santiago,51,Female,15375.54,adamsmith@example.org,"USS Young
FPO AP 84918",+1-805-720-3439x45068,1972-12-10,2003-09-27
42,Connie Marsh MD,57,Female,82437.58,rowlandscott@example.net,"14017 Garcia Underpass
South Elizabeth, NE 37979",001-774-862-4568x6190,1967-11-04,2022-08-28
43,Nicholas Knox,42,Male,12243.48,nflores@example.net,"65184 David Loaf
Wernershire, NJ 81303",(528)671-7793,2000-06-26,2013-10-17
44,Crystal Villanueva,49,Male,85318.41,karinajackson@example.net,"5378 Sloan Village Apt. 996
Theresamouth, IA 40252",206.682.2155x3301,1986-01-22,2022-12-29
45,Jessica Mayer,32,Female,46231.52,anthony68@example.org,"991 Ford Squares Suite 094
Donaldville, VT 67420",390-852-3279,1972-02-13,2001-06-22
46,Donna Hayes MD,50,Male,59500.83,dmyers@example.com,"257 Yoder Stream Apt. 899
Port Derek, KS 29669",207.896.8917x55451,1994-10-08,2023-05-13
47,Diane Sanford,20,Female,15681.82,amber42@example.com,"1080 Sarah Ridges
West Dianafurt, GA 26284",778.411.3386x317,1978-06-09,2023-05-22
48,Leonard Robinson,30,Male,27693.94,colemanmark@example.org,"9619 Kim Estates Apt. 903
East Michaelville, NH 26310",391-410-3131x75534,1997-02-25,2004-07-10
49,Jill Thomas,48,Female,42511.51,lfrancis@example.net,"586 Morrison Tunnel Apt. 008
Walkerside, LA 78868",+1-574-906-4284x7250,1983-07-05,2000-02-11
50,David Quinn,20,Female,23001.12,howardtimothy@example.org,"47951 Williams Squares Suite 340
New Jamiehaven, MH 35900",662.487.0096x347,2004-07-13,2007-08-21
51,Joann Gray,56,Female,37835.02,lauren27@example.org,"4504 Tyrone Union
Port Dennismouth, MI 35016",688-422-7929x998,1993-01-26,2002-01-26
52,Howard Donaldson,33,Female,63677.01,heathersharp@example.net,"563 Craig Locks
New Royshire, AK 79930",001-679-295-0299,1988-12-05,2009-01-29
53,Laurie Wilkins,43,Male,23907.57,markatkinson@example.com,"882 Joseph Estate Apt. 744
Thomasberg, HI 63475",001-446-589-3650x492,1986-01-24,2016-07-16
54,Darlene Mckenzie,22,Female,59302.65,kirklevine@example.com,"492 Aaron Islands Apt. 777
Evansside, MS 90644",+1-266-220-3425x111,1982-06-05,2023-03-19
55,Jaime Kirk,25,Male,81848.23,carolynsmith@example.org,"4939 Amber Rest
Port Todd, NJ 65026",521-598-5056x863,1996-06-09,2012-01-01
56,Angela Powell,43,Male,43900.15,gregoryjose@example.net,"Unit 1019 Box 2583
DPO AA 25767",001-933-530-2106x44994,2003-12-12,2005-06-25
57,Jennifer Hinton,31,Female,45475.34,patricia48@example.net,"345 Rick Cliff Apt. 979
Port Darrell, AR 03352",753.861.4588,1982-05-28,2014-07-19
58,Ashley Gonzales,44,Female,50325.44,daisypeterson@example.net,"640 Connor Parkway
New Jennifer, MN 91752",593-304-0011x881,1968-02-03,2017-02-08
59,Ryan Salazar,52,Female,70004.34,gonzalezmargaret@example.org,"90416 Mcpherson Street Suite 251
West Scottville, WI 80821",001-726-744-3269x478,1975-11-05,2012-03-10
60,Michael Benton,30,Male,50927.50,jasonramos@example.org,"140 Allen Street Apt. 624
North Sherry, WI 59992",942.734.9410x47706,1963-12-03,2003-08-14
61,William Andersen,40,Male,41982.22,sblack@example.com,"26139 Bowers Vista Suite 213
South Andrewberg, CA 55708",+1-992-580-1160x09673,1988-06-03,2000-03-06
62,Danielle Jensen,53,Female,42689.80,gsalazar@example.net,"7852 Jennings Circle Suite 091
Walkerville, ND 49545",001-641-610-8132,2003-09-19,2022-08-05
63,Kendra Williams,50,Female,59222.91,eshaw@example.net,"5341 Edwin Forges Suite 146
Joshuatown, MH 16481",416.737.5030x37529,1993-08-18,2014-08-03
64,Brandy Smith,20,Male,17209.67,avilarichard@example.com,"61985 Rebekah Forges Suite 955
Sabrinastad, KS 86290",999-787-0028,2002-10-09,2010-05-07
65,Frederick Lopez,24,Male,27204.73,kelly11@example.org,"926 David Village
Port Bradley, MT 22536",001-345-917-7957,1994-06-30,2021-08-01
66,Gregory Willis,32,Male,38004.94,joseph90@example.org,"712 Jesse Road
South Alexander, GA 34022",9623647270,1998-05-06,2006-08-07
67,Monica Oneal,35,Female,58140.14,tammyjohnson@example.net,"345 Sara Course Suite 542
Lake Patrickport, AK 92174",+1-801-446-5900x1780,1993-05-21,2022-09-02
68,Richard Harris,28,Female,37756.43,aperez@example.com,"30122 Munoz Grove Apt. 807
Angelaland, NV 92136",001-252-759-3396,1983-10-30,2022-01-28
69,Michele Hill,21,Male,78655.23,jason04@example.net,"7948 Williams Squares Apt. 601
Knightstad, NV 65957",001-539-400-5322x2786,1973-03-07,2011-04-09
70,Robert Hughes,20,Female,23873.12,jeremypadilla@example.org,"94289 Charles Well
Garyview, SD 41334",428.812.2412x49654,1985-09-19,2002-07-04
71,Gregory Lucero,53,Female,70077.91,iansmith@example.com,"Unit 0154 Box 6653
DPO AP 20676",939.277.0812x5493,1982-01-19,2018-11-23
72,Alexis Hutchinson,47,Male,50443.56,gabriellepark@example.com,"3126 Cathy Motorway Apt. 990
East Michelle, UT 46173",722-590-7414x3100,1988-02-20,2004-03-21
73,Mrs. Lisa Miller,45,Female,78271.41,dianekeller@example.net,"17983 Larson Well Suite 781
Robinsonview, MP 22074",403.562.8235,1965-07-19,2009-10-17
74,Christine Richardson,50,Male,64266.33,patriciajohnson@example.org,"76674 Jensen Wells
Jessicafort, VT 00571",+1-930-381-2853,2001-06-06,2022-11-26
75,Nichole Robinson,39,Female,85772.20,nicholas88@example.net,"6636 Mitchell Terrace
Port Lisa, PW 82504",326.629.4154,1977-07-06,2020-06-22
76,Terri Zimmerman,57,Female,94082.23,shines@example.net,"1076 Andrea Islands Suite 067
Michelebury, KY 80416",578.780.2724x6153,1995-02-16,2002-01-17
77,Donna Schmidt,21,Female,81374.68,michaelbrown@example.com,"2307 Katherine Ways Suite 130
New Nicholas, VI 20286",+1-589-248-7618x1574,2004-03-05,2015-08-10
78,Christopher Moore,25,Female,64114.41,elizabethmedina@example.net,"296 Bailey Coves
Chavezhaven, TN 12364",+1-348-542-6386x98843,1969-04-27,2002-05-10
79,Greg Watson,35,Male,52946.71,christopher45@example.org,"USNV Smith
FPO AP 63947",904.384.3816x61505,1977-05-10,2005-12-31
80,Michelle Wise,34,Male,55594.27,brian02@example.com,"090 Larry Pine
North Rebecca, RI 87527",297.500.0517x3847,1967-06-18,2011-04-21
81,Diana Barber DDS,38,Male,48867.90,vscott@example.com,"259 Cannon Ford Apt. 149
Avilashire, PA 47228",3579158486,1982-06-20,2021-03-24
82,Jean Mueller,38,Male,18782.97,joseph11@example.com,"1195 Kyle Circle
Claytonburgh, MT 15621",001-694-201-3998x62202,1967-07-07,2009-08-15
83,Sarah Beard,40,Male,31112.12,malonedennis@example.com,"479 Matthew Hollow
Johnside, MO 80553",(770)880-9844,1990-02-21,2002-08-26
84,Jeremy Walker,23,Male,50665.54,isaiah11@example.org,"143 Kevin Ridges Suite 540
Ashleyside, LA 23712",001-749-209-2496x1035,1996-08-23,2021-04-20
85,Priscilla Thomas,27,Female,50985.20,katherinemann@example.net,"3938 Reyes Crossing Suite 869
New Markburgh, MA 21514",(422)461-4811,1984-08-30,2021-09-16
86,Joseph Mitchell,28,Female,70991.76,dylanbishop@example.org,"897 Jeremy Alley
East David, NC 95699",(975)759-2598x0120,1970-09-26,2001-03-21
87,Erika Griffith,45,Male,95379.69,walkerdaniel@example.net,"075 Sloan Harbor Suite 523
Stevenfort, ID 87418",+1-341-825-8228x262,1987-08-24,2002-12-31
88,Mark Mays,52,Female,83543.31,kramermark@example.com,"34600 Mills Ridges Suite 832
West Mark, MH 06242",681.409.2642x48512,1964-10-29,2013-11-03
89,Stephen Phillips,48,Male,84205.80,dholmes@example.net,"132 Linda Crossing Apt. 428
Courtneyhaven, NJ 53417",490.889.9224,1970-01-19,2022-11-29
90,Charles Baker,30,Male,31996.45,amanda38@example.com,"297 Shaun Course
Timothyshire, NY 22007",359-272-3204x996,1997-05-16,2006-12-09
91,Sharon Woods,40,Female,43348.69,jillball@example.com,"22866 Meyer Springs Apt. 215
South Christopher, AZ 97860",(213)690-7211x240,1973-09-10,2022-03-26
92,Shawn Horton,45,Male,26297.42,richardsonrobert@example.org,"360 Flynn Viaduct Suite 259
Lake Kristenville, DC 76121",+1-709-266-2685x084,1990-05-08,2007-11-19
93,Brittany Mann,43,Male,26279.50,williamsedward@example.com,"3138 Bishop Valleys Suite 842
Jonesmouth, ND 11074",(369)265-3818x44604,1999-04-21,2004-04-06
94,Pamela Cole,41,Female,60630.36,moranamanda@example.net,"029 Craig Track Apt. 912
North Vickie, MS 75597",531.499.7115x76765,1977-12-12,2007-10-05
95,Laura Wu,24,Male,14038.79,steven16@example.org,"5097 Allen Drives
Port Aaron, AL 26432",(662)213-4108,1991-05-02,2002-01-24
96,Brian Key,27,Male,57416.41,millermichelle@example.org,"631 Joseph Key Apt. 518
East Adrianfort, VI 23735",001-998-652-2011x6574,1970-09-08,2019-01-03
97,Bobby Leonard,31,Female,21978.73,lori16@example.com,"317 Stone Corners
North Leslie, FL 09347",614-268-1066,1997-08-24,2005-11-24
98,Patrick Mora,28,Female,36201.21,mistyharmon@example.net,"20816 Maria Row
South Kyle, CA 45290",001-895-876-6070x5837,2004-06-18,2012-06-20
99,Janet Bates,27,Male,68178.56,jason51@example.org,"304 Michael Lake Suite 838
Moralesburgh, TX 66795",564.924.8031,1978-08-14,2023-08-05
100,Geoffrey Baker,39,Female,73719.75,cassandra50@example.com,"72345 Ashley Ford
Wrightside, WA 11697",957.746.5671x6495,1976-07-31,2012-08-21
